{
	"Tab Control": {
		"editable": false,
		"items": [
			{
				"text": "Tab 1",
				"ref": 1,
				"editable": true
			},
			{
				"text": "Tab 2",
				"ref": 2,
				"editable": true
			},
			{
				"text": "Tab 3",
				"ref": 3,
				"editable": true
			}
		]
	},
	"Combo Box": {
		"editable": false,
		"items": [
			{
				"text": "Combo Box 1",
				"ref": 1,
				"editable": true
			},
			{
				"text": "Combo Box 2",
				"ref": 2,
				"editable": true
			},
			{
				"text": "Combo Box 3",
				"ref": 3,
				"editable": true
			}
		]
	},
	"Popup": {
		"editable": false,
		"items": [
			{
				"text": "Popup 1",
				"ref": 1,
				"editable": true
			},
			{
				"text": "Popup 2",
				"ref": 2,
				"editable": true
			},
			{
				"text": "Popup 3",
				"ref": 3,
				"editable": true
			}
		]
	}
}